Insert into TIPO_PS (TIPO_PS,NOME_PS) values (1,'tipo A');
Insert into TIPO_PS (TIPO_PS,NOME_PS) values (2,'tipo B');
Insert into TIPO_PS (TIPO_PS,NOME_PS) values (3,'tipo C');
Insert into TIPO_PS (TIPO_PS,NOME_PS) values (4,'tipo D');
Insert into TIPO_PS (TIPO_PS,NOME_PS) values (5,'tipo E');

Insert into PLANO_SAUDE (COD_PLANO,NOME_PLANO,TIPO_PS) values (1,'UNIMED',1);
Insert into PLANO_SAUDE (COD_PLANO,NOME_PLANO,TIPO_PS) values (2,'BRADESCO',1);
Insert into PLANO_SAUDE (COD_PLANO,NOME_PLANO,TIPO_PS) values (3,'SULAMERICA',2);
Insert into PLANO_SAUDE (COD_PLANO,NOME_PLANO,TIPO_PS) values (5,'AMERICAN SEGUR',4);
Insert into PLANO_SAUDE (COD_PLANO,NOME_PLANO,TIPO_PS) values (4,'SUS',3);

Insert into PACIENTE (COD_PACIENTE,NOME_PACIENTE,COD_PLANO) values (1,'HENRIQUE',1);
Insert into PACIENTE (COD_PACIENTE,NOME_PACIENTE,COD_PLANO) values (2,'MARTA',1);
Insert into PACIENTE (COD_PACIENTE,NOME_PACIENTE,COD_PLANO) values (3,'THIAGO',4);
Insert into PACIENTE (COD_PACIENTE,NOME_PACIENTE,COD_PLANO) values (4,'NATANAEL',2);
Insert into PACIENTE (COD_PACIENTE,NOME_PACIENTE,COD_PLANO) values (5,'PAULO',5);
Insert into PACIENTE (COD_PACIENTE,NOME_PACIENTE,COD_PLANO) values (6,'CRISTIANE',3);
Insert into PACIENTE (COD_PACIENTE,NOME_PACIENTE,COD_PLANO) values (7,'ALBERTINA',2);
Insert into PACIENTE (COD_PACIENTE,NOME_PACIENTE,COD_PLANO) values (8,'CRISTINA',4);

Insert into EXAME (COD_EXAME,DESC_EXAME,VLR_EXAME) values (1,'PROSTATA',10.9);
Insert into EXAME (COD_EXAME,DESC_EXAME,VLR_EXAME) values (2,'FEZES',15);
Insert into EXAME (COD_EXAME,DESC_EXAME,VLR_EXAME) values (3,'URINA',8);
Insert into EXAME (COD_EXAME,DESC_EXAME,VLR_EXAME) values (4,'SANGUE',50);
Insert into EXAME (COD_EXAME,DESC_EXAME,VLR_EXAME) values (5,'ARTERIA',5);

Insert into MEDICO (CRM,NOME_MEDICO) values (100000,'VARELA');
Insert into MEDICO (CRM,NOME_MEDICO) values (115006,'ALEXANDRE');
Insert into MEDICO (CRM,NOME_MEDICO) values (127623,'MARQUES');
Insert into MEDICO (CRM,NOME_MEDICO) values (894388,'CALIXTO');
Insert into MEDICO (CRM,NOME_MEDICO) values (921540,'JOSE');
Insert into MEDICO (CRM,NOME_MEDICO) values (932870,'TALIA');

Insert into ESPECIALIDADE (COD_ESPECIALIDADE,DESC_ESPECIALIDADE) values (1,'CIRURGIAO');
Insert into ESPECIALIDADE (COD_ESPECIALIDADE,DESC_ESPECIALIDADE) values (2,'PODOLOGISTA');
Insert into ESPECIALIDADE (COD_ESPECIALIDADE,DESC_ESPECIALIDADE) values (3,'CLINICO GERAL');
Insert into ESPECIALIDADE (COD_ESPECIALIDADE,DESC_ESPECIALIDADE) values (4,'OFTAMOLOGISTA');
Insert into ESPECIALIDADE (COD_ESPECIALIDADE,DESC_ESPECIALIDADE) values (5,'CARDIOLOGISTA');
Insert into ESPECIALIDADE (COD_ESPECIALIDADE,DESC_ESPECIALIDADE) values (6,'NEUROLOGISTA');
Insert into ESPECIALIDADE (COD_ESPECIALIDADE,DESC_ESPECIALIDADE) values (7,'TRIAGEM');

Insert into MEDICO_ESPECIALIDADE (CRM,COD_ESPECIALIDADE) values (100000,1);
Insert into MEDICO_ESPECIALIDADE (CRM,COD_ESPECIALIDADE) values (100000,5);
Insert into MEDICO_ESPECIALIDADE (CRM,COD_ESPECIALIDADE) values (100000,6);
Insert into MEDICO_ESPECIALIDADE (CRM,COD_ESPECIALIDADE) values (115006,4);
Insert into MEDICO_ESPECIALIDADE (CRM,COD_ESPECIALIDADE) values (127623,5);
Insert into MEDICO_ESPECIALIDADE (CRM,COD_ESPECIALIDADE) values (894388,3);
Insert into MEDICO_ESPECIALIDADE (CRM,COD_ESPECIALIDADE) values (921540,6);
Insert into MEDICO_ESPECIALIDADE (CRM,COD_ESPECIALIDADE) values (932870,7);

Insert into MEDICAMENTO (COD_MEDICAMENTO,DESC_MEDICAMENTO,VLR_MEDICAMENTO) values (1,'TYLENOL',4);
Insert into MEDICAMENTO (COD_MEDICAMENTO,DESC_MEDICAMENTO,VLR_MEDICAMENTO) values (2,'NOVALGINA',15);
Insert into MEDICAMENTO (COD_MEDICAMENTO,DESC_MEDICAMENTO,VLR_MEDICAMENTO) values (3,'PARACETAMOL',25);
Insert into MEDICAMENTO (COD_MEDICAMENTO,DESC_MEDICAMENTO,VLR_MEDICAMENTO) values (4,'LEITE DE MORCEGO',40);
Insert into MEDICAMENTO (COD_MEDICAMENTO,DESC_MEDICAMENTO,VLR_MEDICAMENTO) values (5,'ESTOMAZIL',5);
Insert into MEDICAMENTO (COD_MEDICAMENTO,DESC_MEDICAMENTO,VLR_MEDICAMENTO) values (6,'CEPACOL',1);
Insert into MEDICAMENTO (COD_MEDICAMENTO,DESC_MEDICAMENTO,VLR_MEDICAMENTO) values (7,'RIVOTRIL',8);

Insert into PROCEDIMENTO (COD_PROCEDIMENTO,DESC_PROCEDIMENTO,VLR_PROCEDIMENTO) values (1,'PROCEDIMENTO A',10);
Insert into PROCEDIMENTO (COD_PROCEDIMENTO,DESC_PROCEDIMENTO,VLR_PROCEDIMENTO) values (2,'PROCEDIMENTO B',15);
Insert into PROCEDIMENTO (COD_PROCEDIMENTO,DESC_PROCEDIMENTO,VLR_PROCEDIMENTO) values (3,'PROCEDIMENTO C',20);
Insert into PROCEDIMENTO (COD_PROCEDIMENTO,DESC_PROCEDIMENTO,VLR_PROCEDIMENTO) values (4,'PROCEDIMENTO D',30);
Insert into PROCEDIMENTO (COD_PROCEDIMENTO,DESC_PROCEDIMENTO,VLR_PROCEDIMENTO) values (5,'PROCEDIMENTO E',40);
Insert into PROCEDIMENTO (COD_PROCEDIMENTO,DESC_PROCEDIMENTO,VLR_PROCEDIMENTO) values (6,'PROCEDIMENTO F',50);
Insert into PROCEDIMENTO (COD_PROCEDIMENTO,DESC_PROCEDIMENTO,VLR_PROCEDIMENTO) values (7,'PROCEDIMENTO G',100);

Insert into CONSULTA (COD_CONSULTA,DATA,COD_PACIENTE,CRM,COD_ESPECIALIDADE,DESC_SINTOMAS,DESC_DIAGNOSTICO) values (1,to_date('15-JAN-13','DD-MON-RR'),1,100000,1,'DOR DE CABECA','ENXAQUECA');
Insert into CONSULTA (COD_CONSULTA,DATA,COD_PACIENTE,CRM,COD_ESPECIALIDADE,DESC_SINTOMAS,DESC_DIAGNOSTICO) values (2,to_date('23-JAN-13','DD-MON-RR'),2,127623,5,'DOR DE BARRIGA','DIARRÉIA');
Insert into CONSULTA (COD_CONSULTA,DATA,COD_PACIENTE,CRM,COD_ESPECIALIDADE,DESC_SINTOMAS,DESC_DIAGNOSTICO) values (3,to_date('10-FEB-13','DD-MON-RR'),3,115006,4,'DOR NO BRACO','OSSO QUEBRADO');
Insert into CONSULTA (COD_CONSULTA,DATA,COD_PACIENTE,CRM,COD_ESPECIALIDADE,DESC_SINTOMAS,DESC_DIAGNOSTICO) values (4,to_date('20-FEB-13','DD-MON-RR'),4,127623,5,'OLHOS VERMELHOS','CONJUTIVITE');
Insert into CONSULTA (COD_CONSULTA,DATA,COD_PACIENTE,CRM,COD_ESPECIALIDADE,DESC_SINTOMAS,DESC_DIAGNOSTICO) values (5,to_date('01-MAR-13','DD-MON-RR'),5,894388,3,'DOR NA GARGANTA','GARGANTA INFLAMADA');
Insert into CONSULTA (COD_CONSULTA,DATA,COD_PACIENTE,CRM,COD_ESPECIALIDADE,DESC_SINTOMAS,DESC_DIAGNOSTICO) values (6,to_date('07-MAR-13','DD-MON-RR'),7,100000,5,'ERUPCOES NA PELE','ALERGIA');
Insert into CONSULTA (COD_CONSULTA,DATA,COD_PACIENTE,CRM,COD_ESPECIALIDADE,DESC_SINTOMAS,DESC_DIAGNOSTICO) values (7,to_date('18-APR-13','DD-MON-RR'),8,894388,3,'DORES NO CORPO','VIROSE');
Insert into CONSULTA (COD_CONSULTA,DATA,COD_PACIENTE,CRM,COD_ESPECIALIDADE,DESC_SINTOMAS,DESC_DIAGNOSTICO) values (8,to_date('25-APR-13','DD-MON-RR'),1,115006,4,'NARIZ ENTUPIDO','RESFRIADO');
Insert into CONSULTA (COD_CONSULTA,DATA,COD_PACIENTE,CRM,COD_ESPECIALIDADE,DESC_SINTOMAS,DESC_DIAGNOSTICO) values (9,to_date('15-MAY-13','DD-MON-RR'),2,921540,6,'DOR NO OUVIDO','OTITE');
Insert into CONSULTA (COD_CONSULTA,DATA,COD_PACIENTE,CRM,COD_ESPECIALIDADE,DESC_SINTOMAS,DESC_DIAGNOSTICO) values (10,to_date('16-JUL-13','DD-MON-RR'),1,100000,6,'HEMORRAGIA','DENGUE');
Insert into CONSULTA (COD_CONSULTA,DATA,COD_PACIENTE,CRM,COD_ESPECIALIDADE,DESC_SINTOMAS,DESC_DIAGNOSTICO) values (11,to_date('21-AUG-13','DD-MON-RR'),3,921540,6,'DORES NO CORPO','SEDENTARISMO');
Insert into CONSULTA (COD_CONSULTA,DATA,COD_PACIENTE,CRM,COD_ESPECIALIDADE,DESC_SINTOMAS,DESC_DIAGNOSTICO) values (12,to_date('21-MAR-13','DD-MON-RR'),4,115006,4,'CANSACO','OBESIDADE');
Insert into CONSULTA (COD_CONSULTA,DATA,COD_PACIENTE,CRM,COD_ESPECIALIDADE,DESC_SINTOMAS,DESC_DIAGNOSTICO) values (13,to_date('24-FEB-13','DD-MON-RR'),5,932870,7,'VISTAS ESCURAS','CEGUEIRA');
Insert into CONSULTA (COD_CONSULTA,DATA,COD_PACIENTE,CRM,COD_ESPECIALIDADE,DESC_SINTOMAS,DESC_DIAGNOSTICO) values (14,to_date('15-JUL-13','DD-MON-RR'),6,115006,4,'DORES NO CORPO','VIROSE');
Insert into CONSULTA (COD_CONSULTA,DATA,COD_PACIENTE,CRM,COD_ESPECIALIDADE,DESC_SINTOMAS,DESC_DIAGNOSTICO) values (15,to_date('15-JAN-13','DD-MON-RR'),4,115006,4,'DORES NO CORPO','VIROSE');

Insert into CONSULTA_EXAME (COD_CONSULTA,DATA,COD_EXAME) values (1,to_date('15-JAN-13','DD-MON-RR'),1);
Insert into CONSULTA_EXAME (COD_CONSULTA,DATA,COD_EXAME) values (2,to_date('23-JAN-13','DD-MON-RR'),2);
Insert into CONSULTA_EXAME (COD_CONSULTA,DATA,COD_EXAME) values (3,to_date('10-FEB-13','DD-MON-RR'),3);
Insert into CONSULTA_EXAME (COD_CONSULTA,DATA,COD_EXAME) values (4,to_date('20-FEB-13','DD-MON-RR'),4);
Insert into CONSULTA_EXAME (COD_CONSULTA,DATA,COD_EXAME) values (5,to_date('01-MAR-13','DD-MON-RR'),5);
Insert into CONSULTA_EXAME (COD_CONSULTA,DATA,COD_EXAME) values (6,to_date('07-MAR-13','DD-MON-RR'),1);

Insert into CONSULTA_MEDICAMENTO (COD_CONSULTA,DATA,COD_MEDICAMENTO) values (10,to_date('16-JUL-13','DD-MON-RR'),1);
Insert into CONSULTA_MEDICAMENTO (COD_CONSULTA,DATA,COD_MEDICAMENTO) values (11,to_date('21-AUG-13','DD-MON-RR'),2);
Insert into CONSULTA_MEDICAMENTO (COD_CONSULTA,DATA,COD_MEDICAMENTO) values (12,to_date('21-MAR-13','DD-MON-RR'),3);
Insert into CONSULTA_MEDICAMENTO (COD_CONSULTA,DATA,COD_MEDICAMENTO) values (13,to_date('24-FEB-13','DD-MON-RR'),1);
Insert into CONSULTA_MEDICAMENTO (COD_CONSULTA,DATA,COD_MEDICAMENTO) values (14,to_date('15-JUL-13','DD-MON-RR'),5);

Insert into CONSULTA_PROCEDIMENTO (COD_CONSULTA,DATA,COD_PROCEDIMENTO) values (4,to_date('20-FEB-13','DD-MON-RR'),1);
Insert into CONSULTA_PROCEDIMENTO (COD_CONSULTA,DATA,COD_PROCEDIMENTO) values (5,to_date('01-MAR-13','DD-MON-RR'),2);
Insert into CONSULTA_PROCEDIMENTO (COD_CONSULTA,DATA,COD_PROCEDIMENTO) values (6,to_date('07-MAR-13','DD-MON-RR'),3);
Insert into CONSULTA_PROCEDIMENTO (COD_CONSULTA,DATA,COD_PROCEDIMENTO) values (7,to_date('18-APR-13','DD-MON-RR'),1);
Insert into CONSULTA_PROCEDIMENTO (COD_CONSULTA,DATA,COD_PROCEDIMENTO) values (8,to_date('25-APR-13','DD-MON-RR'),5);
Insert into CONSULTA_PROCEDIMENTO (COD_CONSULTA,DATA,COD_PROCEDIMENTO) values (9,to_date('15-MAY-13','DD-MON-RR'),2);

